{
 "conala-mined.jsonl": {
  "answer_count": {
   "75th percentile": 4.0,
   "mean": 3.6637135383248607,
   "median": 3.0,
   "std": 3.4423568165953253,
   "var": 11.849820452760301
  },
  "body_length": {
   "75th percentile": 428.0,
   "mean": 368.1393810769459,
   "median": 241.0,
   "std": 482.01438182942445,
   "var": 232337.86429040218
  },
  "code_blocks": {
   "75th percentile": 2.0,
   "mean": 1.4487932481121366,
   "median": 1.0,
   "std": 1.4403583580282362,
   "var": 2.0746321995417967
  },
  "code_markers": {
   "75th percentile": 4.0,
   "mean": 2.943734267805143,
   "median": 2.0,
   "std": 3.3954365757249665,
   "var": 11.528989539770885
  },
  "code_tokens": {
   "75th percentile": 190.0,
   "mean": 170.1642070973792,
   "median": 71.0,
   "std": 370.7027155496398,
   "var": 137420.50331587714
  },
  "diff_tokens": {
   "75th percentile": 227.0,
   "mean": 197.97517397956665,
   "median": 142.0,
   "std": 257.71119033452374,
   "var": 66415.05762363713
  },
  "has_accepted_answer": {
   "75th percentile": 1.0,
   "mean": 0.8191599624895118,
   "median": 1.0,
   "std": 0.3848855912393882,
   "var": 0.1481369183436934
  },
  "has_code": {
   "75th percentile": 1.0,
   "mean": 0.8098563743151869,
   "median": 1.0,
   "std": 0.39241435663880453,
   "var": 0.15398902729624686
  },
  "inline_code": {
   "75th percentile": 2.0,
   "mean": 1.4949410196930062,
   "median": 0.0,
   "std": 2.8559231254017257,
   "var": 8.156296898204362
  },
  "intent_length": {
   "75th percentile": 14.0,
   "mean": 11.407234645197251,
   "median": 11.0,
   "std": 4.222539987327482,
   "var": 17.829843944579576
  },
  "marker_count": {
   "75th percentile": 12.0,
   "mean": 9.12909037066285,
   "median": 7.0,
   "std": 8.857522021940394,
   "var": 78.45569636915904
  },
  "no_meta_data": 26,
  "question_count": {
   "mean": 14.654681407630424,
   "median": 20.0,
   "std": 7.013916794317953,
   "var": 49.19502879761543
  },
  "score": {
   "75th percentile": 22.0,
   "mean": 31.007773555105867,
   "median": 9.0,
   "std": 102.71300774586737,
   "var": 10549.96196020261
  },
  "skipped": 54,
  "snippet_length": {
   "75th percentile": 32.0,
   "mean": 28.700965079643066,
   "median": 17.0,
   "std": 42.8056234380542,
   "var": 1832.321397920495
  },
  "tags": {
   "75th percentile": 3.0,
   "mean": 2.0065396574700163,
   "median": 2.0,
   "std": 1.1369097229974547,
   "var": 1.2925637182461494
  },
  "total": 593837,
  "unique_questions": 40522
 },
 "conala-test.json": {
  "answer_count": {
   "75th percentile": 7.0,
   "mean": 5.854395604395604,
   "median": 4.0,
   "std": 5.372212532267205,
   "var": 28.860667491848808
  },
  "body_length": {
   "75th percentile": 250.75,
   "mean": 204.54395604395606,
   "median": 153.0,
   "std": 162.476898583647,
   "var": 26398.74257336071
  },
  "code_blocks": {
   "75th percentile": 2.0,
   "mean": 1.4615384615384615,
   "median": 1.0,
   "std": 1.245278487831928,
   "var": 1.5507185122569735
  },
  "code_markers": {
   "75th percentile": 3.0,
   "mean": 2.543956043956044,
   "median": 2.0,
   "std": 2.2337918676452326,
   "var": 4.989826107957976
  },
  "code_tokens": {
   "75th percentile": 104.75,
   "mean": 86.02197802197803,
   "median": 48.0,
   "std": 115.7570141725907,
   "var": 13399.686330153363
  },
  "diff_tokens": {
   "75th percentile": 145.25,
   "mean": 118.52197802197803,
   "median": 99.0,
   "std": 79.50701165043202,
   "var": 6321.364901581934
  },
  "has_accepted_answer": {
   "75th percentile": 1.0,
   "mean": 0.8708791208791209,
   "median": 1.0,
   "std": 0.3353336811236391,
   "var": 0.11244867769593046
  },
  "has_code": {
   "75th percentile": 1.0,
   "mean": 0.8736263736263736,
   "median": 1.0,
   "std": 0.33226996995034846,
   "var": 0.11040333293080547
  },
  "inline_code": {
   "75th percentile": 2.0,
   "mean": 1.0824175824175823,
   "median": 0.0,
   "std": 1.8719498799640581,
   "var": 3.504196353097452
  },
  "intent_length": {
   "75th percentile": 20.0,
   "mean": 15.98,
   "median": 15.0,
   "std": 6.623262036187304,
   "var": 43.867599999999996
  },
  "marker_count": {
   "75th percentile": 9.0,
   "mean": 6.931318681318682,
   "median": 6.0,
   "std": 5.4559381318378435,
   "var": 29.767260898442217
  },
  "no_meta_data": 0,
  "question_count": {
   "mean": 1.3736263736263736,
   "median": 1.0,
   "std": 0.8820350052652236,
   "var": 0.777985750513223
  },
  "score": {
   "75th percentile": 86.25,
   "mean": 133.42857142857142,
   "median": 24.0,
   "std": 382.85259961221016,
   "var": 146576.1130298273
  },
  "skipped": 0,
  "snippet_length": {
   "75th percentile": 23.0,
   "mean": 18.47,
   "median": 17.0,
   "std": 12.901670434482506,
   "var": 166.4531
  },
  "tags": {
   "75th percentile": 3.0,
   "mean": 1.8104395604395604,
   "median": 2.0,
   "std": 1.1142438544709055,
   "var": 1.2415393672261805
  },
  "total": 500,
  "unique_questions": 364
 },
 "conala-train.json": {
  "answer_count": {
   "75th percentile": 7.0,
   "mean": 5.936182669789227,
   "median": 4.0,
   "std": 6.128027326754624,
   "var": 37.55271891745142
  },
  "body_length": {
   "75th percentile": 268.0,
   "mean": 218.8360655737705,
   "median": 163.5,
   "std": 200.663787368576,
   "var": 40265.95556110109
  },
  "code_blocks": {
   "75th percentile": 2.0,
   "mean": 1.4010538641686183,
   "median": 1.0,
   "std": 1.2559642495556484,
   "var": 1.5774461961618833
  },
  "code_markers": {
   "75th percentile": 3.0,
   "mean": 2.6147540983606556,
   "median": 2.0,
   "std": 2.495254066267251,
   "var": 6.22629285522325
  },
  "code_tokens": {
   "75th percentile": 107.25,
   "mean": 94.23302107728337,
   "median": 50.0,
   "std": 157.37158487032133,
   "var": 24765.815724596745
  },
  "diff_tokens": {
   "75th percentile": 152.0,
   "mean": 124.60304449648712,
   "median": 100.0,
   "std": 92.01712644838292,
   "var": 8467.151559817692
  },
  "has_accepted_answer": {
   "75th percentile": 1.0,
   "mean": 0.8788056206088993,
   "median": 1.0,
   "std": 0.32635303245887975,
   "var": 0.10650630179510663
  },
  "has_code": {
   "75th percentile": 1.0,
   "mean": 0.8542154566744731,
   "median": 1.0,
   "std": 0.3528900823952049,
   "var": 0.12453141025289452
  },
  "inline_code": {
   "75th percentile": 2.0,
   "mean": 1.2137002341920375,
   "median": 0.0,
   "std": 2.091160079210865,
   "var": 4.372950476885191
  },
  "intent_length": {
   "75th percentile": 20.0,
   "mean": 16.4503367003367,
   "median": 15.0,
   "std": 7.510154173620453,
   "var": 56.402415711548706
  },
  "marker_count": {
   "75th percentile": 9.0,
   "mean": 7.073185011709602,
   "median": 6.0,
   "std": 5.957983833020148,
   "var": 35.49757135452945
  },
  "no_meta_data": 0,
  "question_count": {
   "mean": 1.3911007025761124,
   "median": 1.0,
   "std": 1.019925816595413,
   "var": 1.0402486713578203
  },
  "score": {
   "75th percentile": 93.0,
   "mean": 157.55854800936768,
   "median": 22.0,
   "std": 470.15048984988675,
   "var": 221041.48310608845
  },
  "skipped": 3,
  "snippet_length": {
   "75th percentile": 22.0,
   "mean": 17.230218855218855,
   "median": 16.0,
   "std": 8.575596451417063,
   "var": 73.54085449755694
  },
  "tags": {
   "75th percentile": 2.0,
   "mean": 1.7980093676814988,
   "median": 2.0,
   "std": 1.0813820500107947,
   "var": 1.1693871380855487
  },
  "total": 2376,
  "unique_questions": 1708
 },
 "pretrain.jsonl": {
  "answer_count": {
   "75th percentile": 5.0,
   "mean": 4.321264447848489,
   "median": 3.0,
   "std": 3.8688253907029564,
   "var": 14.967809903747883
  },
  "body_length": {
   "75th percentile": 342.0,
   "mean": 294.43810054309984,
   "median": 202.0,
   "std": 365.7647880847941,
   "var": 133783.88020271432
  },
  "code_blocks": {
   "75th percentile": 2.0,
   "mean": 1.4360116975351622,
   "median": 1.0,
   "std": 1.3389418456311284,
   "var": 1.7927652659820925
  },
  "code_markers": {
   "75th percentile": 4.0,
   "mean": 2.73847653530149,
   "median": 2.0,